EGAR00001253370	be595f26-84d7-453f-995f-2684d7b53f75
EGAR00001192951	95f4ee4d-adaa-4933-b4ee-4dadaae933a5
EGAR00001566495	5024fa94-5077-4cf5-a4fa-9450775cf529
EGAR00001325041	91f904f2-00c0-4f21-b904-f200c06f212e
EGAR00001193690	006d6e46-4f94-47f9-ad6e-464f9487f989
EGAR00001500349	78748f0e-6203-4244-b48f-0e6203824469
EGAR00001566567	e585d690-3b76-422b-85d6-903b76622bbf
EGAR00001193665	27934f56-c981-4d22-934f-56c981cd22cb
EGAR00001193677	8c69c6b7-1fe9-4a88-a9c6-b71fe9ca88c6
EGAR00001131302	4620ce4b-a87b-4b44-a0ce-4ba87b7b445f
EGAR00001131287	f02e98b1-da75-48f8-ae98-b1da7518f88e
EGAR00001253329	9557b3e4-a7fa-443f-97b3-e4a7fa143fe9
EGAR00001325022	307c0f6a-e891-4a8c-bc0f-6ae8914a8ca3
EGAR00001193672	199c312f-0fb9-4c34-9c31-2f0fb9fc3464
EGAR00001202527	3db2a470-4bd7-4bff-b2a4-704bd79bff26
EGAR00001436329	0f88eec2-ada1-4764-88ee-c2ada1576428
EGAR00001500327	18ba0c2f-b5d8-4dc0-ba0c-2fb5d89dc011
EGAR00001436350	06e5dbaa-54d7-4240-a5db-aa54d77240b9
EGAR00001500320	e893884d-b769-4443-9388-4db769944335
EGAR00001193676	b22862be-32ea-4716-a862-be32eae716b4
EGAR00001436380	f3f5cc9f-a963-4578-b5cc-9fa963e57847
EGAR00001192972	cf370c5f-ea9c-47ec-b70c-5fea9c47ecdf
EGAR00001325037	a9e86cfc-58e8-4bd1-a86c-fc58e87bd1dc
EGAR00001202541	0a40a356-c8da-4a48-80a3-56c8da8a483d
EGAR00001500319	e678c328-78c1-460b-b8c3-2878c1b60b59
EGAR00001325017	f65aca84-8836-4f40-9aca-848836cf4099
EGAR00001219081	c418411e-f539-475f-9841-1ef539175f24
EGAR00001325055	0598234e-4c53-4417-9823-4e4c53a41756
EGAR00001325066	f23563bf-b9ac-46cf-b563-bfb9ac96cf22
EGAR00001436389	5a9fb72c-ea7c-4185-9fb7-2cea7c118505
EGAR00001253360	802f9d44-552e-4219-af9d-44552ea2190e
EGAR00001193129	79174bb2-fc4b-42e9-974b-b2fc4bf2e9f3
EGAR00001370185	c9daebeb-aa25-433c-9aeb-ebaa25a33c36
EGAR00001370190	811ec612-bc6c-4cd7-9ec6-12bc6c7cd764
EGAR00001193652	21b18de8-aedd-4650-b18d-e8aedd765064
EGAR00001566563	673655f2-8694-4b04-b655-f286947b044a
EGAR00001253327	45d3cf01-abd8-4e89-93cf-01abd83e89c1
EGAR00001566558	71ea96a8-d0cd-4280-aa96-a8d0cd1280e7
EGAR00001500331	8a4e3b31-ae88-4097-8e3b-31ae88c09731
EGAR00001325075	18ce03cf-353a-4268-8e03-cf353a8268a6
EGAR00001193162	ae85b498-d5d1-4b6e-85b4-98d5d1ab6e1a
EGAR00001436334	9e13054a-a4be-4809-9305-4aa4bef80916
EGAR00001192968	2a73e694-d146-4621-b3e6-94d146c6213c
EGAR00001253371	0ae395d2-3bc5-4914-a395-d23bc5e9149a
EGAR00001192980	5652e084-a9c1-4d17-92e0-84a9c1fd1735
EGAR00001253335	feebd6ff-e2c2-486b-abd6-ffe2c2886bd7
EGAR00001131301	cf2628e5-a1c2-4b4c-a628-e5a1c24b4cc6
EGAR00001500334	46ec6d12-3d92-4c24-ac6d-123d922c2494
EGAR00001192958	0385e1d7-0f84-4efa-85e1-d70f84fefa75
EGAR00001500340	90ba22e6-7469-4be9-ba22-e674694be911
EGAR00001253366	ef1f157c-fb0d-4a6d-9f15-7cfb0d9a6d9d
EGAR00001436331	a7cc45c2-1eb6-483f-8c45-c21eb6a83fb7
EGAR00001436401	fbb9ce6c-7331-4661-b9ce-6c7331266182
EGAR00001566509	41a0c3af-871f-421b-a0c3-af871fc21b3a
EGAR00001325078	9f2a9b91-54fa-43ca-aa9b-9154fa63ca9e
EGAR00001500325	0a754329-34c1-4da7-b543-2934c1ada754
EGAR00001202519	e059cce1-9422-44b1-99cc-e19422f4b1aa
EGAR00001253349	24527bab-e528-468c-927b-abe528a68ce2
EGAR00001566560	3507e343-dd51-4a1b-87e3-43dd519a1b85
EGAR00001500328	04d36b5b-468e-43a0-936b-5b468e33a0c1
EGAR00001193675	b0fbebfa-fa66-48ae-bbeb-fafa6608ae3e
EGAR00001193667	8eb15dcb-2407-41a4-b15d-cb240711a4a8
EGAR00001253318	5855f1bc-3ea0-4fc7-95f1-bc3ea0ffc7bf
EGAR00001436406	f7bd60d1-2afa-4183-bd60-d12afaa18397
EGAR00001193097	3f6f6e00-14d0-4f5c-af6e-0014d0cf5c58
EGAR00001436381	38f8de67-3346-4cad-b8de-6733466cad85
EGAR00001368555	c9eb4f3a-9be3-4040-ab4f-3a9be3c04079
EGAR00001193147	c4a5b013-6328-44aa-a5b0-13632864aa64
EGAR00001325084	540e8e19-117a-4ce4-8e8e-19117acce4c6
EGAR00001370191	c025cb9f-c8b4-4345-a5cb-9fc8b46345ef
EGAR00001566581	e68949b5-60e1-4759-8949-b560e14759c0
EGAR00001500333	ae218646-c725-44e1-a186-46c72544e113
EGAR00001202546	3d5a0c78-beaa-4aae-9a0c-78beaacaae6a
EGAR00001566486	939967a7-e3bf-4c18-9967-a7e3bfac1803
EGAR00001193711	4b6d3707-ca7e-4dd9-ad37-07ca7e1dd969
EGAR00001192982	d014f24a-1e07-4e41-94f2-4a1e071e4166
EGAR00001219150	ee03cfc6-f82a-4d2a-83cf-c6f82a3d2a5e
EGAR00001141758	04eb4802-788e-4f03-ab48-02788e4f03fb
EGAR00001253358	c67b71fe-7e11-4f07-bb71-fe7e113f0754
EGAR00001253365	e7128ed0-c7ac-42ea-928e-d0c7acd2eaf0
EGAR00001325045	f2a65b2f-d0e0-4007-a65b-2fd0e050074c
EGAR00001566489	7d349dd7-3d2b-4813-b49d-d73d2bd813be
EGAR00001253321	6dfb9890-3050-4dbf-bb98-903050edbf51
EGAR00001193148	d77d4006-78fb-46a5-bd40-0678fb46a50d
EGAR00001192945	53084adb-34a2-4d07-884a-db34a28d07bb
EGAR00001141757	f764bcf1-1afc-4b56-a4bc-f11afc5b5649
EGAR00001436383	37006d27-a2ed-4aa0-806d-27a2ed8aa030
EGAR00001325079	cb07fd7e-3231-4606-87fd-7e32311606c9
EGAR00001436347	2541227e-412d-45bc-8122-7e412d65bc7d
EGAR00001566565	4b3cea11-bd71-41e0-bcea-11bd7131e051
EGAR00001325025	b3706265-f829-4c11-b062-65f8298c1150
EGAR00001566487	d3f54517-79a0-4948-b545-1779a0a94829
EGAR00001253359	5e447076-b5c7-40fe-8470-76b5c7f0fe47
EGAR00001370203	e3efb755-8fea-45cf-afb7-558fea45cf5a
EGAR00001131291	c6f2a566-0a93-4a15-b2a5-660a938a150f
EGAR00001325019	964b8380-da19-4c2d-8b83-80da195c2d4a
EGAR00001325014	dc1eb724-5696-4467-9eb7-245696846735
EGAR00001141759	569b8429-a739-4069-9b84-29a739b069d9
EGAR00001131290	eff59752-ae2d-4f46-b597-52ae2ddf4640
EGAR00001500326	617bba24-9487-40ab-bbba-249487e0abc3
EGAR00001566481	c11459b9-f558-4f58-9459-b9f5589f5860
EGAR00001202544	ea1a9070-41b1-4ba9-9a90-7041b14ba9a9
EGAR00001193653	dd2d17fa-3eed-4149-ad17-fa3eed7149cf
EGAR00001193693	3a55fa59-ad6b-427a-95fa-59ad6b727adc
EGAR00001436407	528e592d-b208-46e8-8e59-2db20876e86a
EGAR00001500338	4a726701-2d8d-4e33-b267-012d8dde33a7
EGAR00001193689	ad569e22-61a8-4b18-969e-2261a87b182a
EGAR00001193678	a01f8148-ec80-4430-9f81-48ec80c430d6
EGAR00001500344	10eec0fe-3dd8-4b00-aec0-fe3dd81b0008
EGAR00001325064	07349e99-7b4a-429e-b49e-997b4ac29ea2
EGAR00001436351	f721a34b-ff18-4805-a1a3-4bff18e805a4
EGAR00001436402	9b1327aa-d5b6-4627-9327-aad5b6c627ca
EGAR00001193673	f5c91035-ad15-4a93-8910-35ad155a9310
EGAR00001193654	ada5f5d7-bda7-41d9-a5f5-d7bda721d938
EGAR00001566482	f13350ee-f3c4-45f6-b350-eef3c4d5f6d1
EGAR00001325069	77386fdc-b553-427f-b86f-dcb553827f1d
EGAR00001325035	0ec68696-ba0d-4f3b-8686-96ba0d5f3b34
EGAR00001566569	e81e7eec-d589-4a6e-9e7e-ecd589aa6e08
EGAR00001566511	5870bf9f-a2cc-4b26-b0bf-9fa2cc2b26bc
EGAR00001545652	388c71c5-7df2-4596-8c71-c57df2059614
EGAR00001253357	a959d213-edf8-43f5-99d2-13edf8b3f50c
EGAR00001566493	1eef6a3e-1a3b-4988-af6a-3e1a3b398867
EGAR00001566527	1f2e3be2-5f17-48cd-ae3b-e25f17e8cdc1
EGAR00001202520	3e5d59bf-3927-4826-9d59-bf39279826a0
EGAR00001370202	863826a0-d8dd-451b-b826-a0d8ddf51bc2
EGAR00001436330	06fd2389-df0b-4142-bd23-89df0b3142a5
EGAR00001193176	3266d447-ca10-40ee-a6d4-47ca1030ee3f
EGAR00001325009	8db30e13-68dd-4388-b30e-1368ddf38819
EGAR00001193123	e212e8e2-2752-44ea-92e8-e2275204ea10
EGAR00001131293	f600bdde-bb19-4447-80bd-debb193447ed
EGAR00001500324	ad925b8c-6d3c-4886-925b-8c6d3c28866c
EGAR00001253336	cc1b9840-2dac-42fb-9b98-402dac02fba8
EGAR00001325044	52d1cce1-08f1-473f-91cc-e108f1a73fd2
EGAR00001193695	3f0a85fe-5651-4105-8a85-fe5651210579
EGAR00001566570	1c494256-d928-4335-8942-56d928733532
EGAR00001253361	87a4d3e9-884f-4d79-a4d3-e9884f6d7956
EGAR00001193095	669488c6-2ad7-4807-9488-c62ad788075d
EGAR00001500350	0c09adb0-15ca-494c-89ad-b015cac94c1f
EGAR00001253303	bf83c42a-9d12-469d-83c4-2a9d12269dca
EGAR00001131292	57279d26-5231-4db9-a79d-265231ddb9f4
EGAR00001500318	81a3c28f-1f35-4a2b-a3c2-8f1f351a2b00
EGAR00001193671	97d9411e-90fd-42b9-9941-1e90fd62b902
EGAR00001253333	eee78007-f9ca-4a16-a780-07f9cada165b
EGAR00001436335	7061abe7-3be1-4528-a1ab-e73be1d52871
EGAR00001368554	e7c0d87b-c0ea-419b-80d8-7bc0ea319b34
EGAR00001202529	1b493d28-4895-4932-893d-284895f932af
EGAR00001193156	7057dcf3-7fb4-4d61-97dc-f37fb4ad616b
EGAR00001436379	ca7a8986-34c4-4419-ba89-8634c43419a4
EGAR00001193699	d537289e-326e-47ed-b728-9e326e47ed53
EGAR00001192946	c4a14dd1-72bb-40e0-a14d-d172bba0e009
EGAR00001436400	cb459b6b-5134-4611-859b-6b5134d61199
EGAR00001436352	8ca8eaa8-767b-44f0-a8ea-a8767bc4f0d5
EGAR00001193668	3c415e48-eb05-4dc8-815e-48eb05edc8ab
EGAR00001193124	dfa75eb5-06c8-47e8-a75e-b506c8f7e8e2
EGAR00001436411	3c1b0dfd-95be-478d-9b0d-fd95be178d9a
EGAR00001500323	1d70138a-36b1-416d-b013-8a36b1116dc0
EGAR00001436412	5395b3e8-443b-4378-95b3-e8443b937863
EGAR00001141754	c0c2306c-7916-4115-8230-6c7916d11524
EGAR00001193183	056f7e75-25f5-4911-af7e-7525f589117b
EGAR00001566566	a19cc320-c479-40e4-9cc3-20c47900e4bd
EGAR00001192975	9294356b-4dd0-43f9-9435-6b4dd0c3f9bc
EGAR00001325023	270ed9b8-bf01-411a-8ed9-b8bf01111acf
EGAR00001253307	7eb0f5d3-c554-41a9-b0f5-d3c55441a93b
EGAR00001566583	4febab3f-ebc9-4647-abab-3febc976476f
EGAR00001325033	2eceda04-26ce-4b2d-8eda-0426ceeb2dd1
EGAR00001202531	5d8145c1-cad3-46af-8145-c1cad3c6af34
EGAR00001192981	4441a5e9-27b3-4a50-81a5-e927b39a5057
EGAR00001193149	6f6b2303-0eb8-4412-ab23-030eb8a41234
EGAR00001193674	26d6ea60-ab15-49aa-96ea-60ab1549aa7a
EGAR00001130627	af348b10-692e-4b7d-b48b-10692e6b7db1
EGAR00001193707	811f6a0a-6670-489e-9f6a-0a6670589ec5
EGAR00001202543	c946e8a6-95b4-4efa-86e8-a695b4cefae2
EGAR00001370174	23dfff94-05cc-4ccf-9fff-9405ccbccfa0
EGAR00001436409	2b1f4957-c991-4b54-9f49-57c9915b5450
EGAR00001253317	6b95c81c-dca0-4aba-95c8-1cdca0dabadb
EGAR00001253302	06a15096-1659-468c-a150-961659d68c3e
EGAR00001566559	14e45e5d-4955-4b4e-a45e-5d49555b4ef9
EGAR00001131288	31ee7713-bdbd-4f88-ae77-13bdbd1f8828
EGAR00001192962	828e8147-7156-476c-8e81-477156776c52
EGAR00001566491	040afdfd-68be-4408-8afd-fd68be04084b
EGAR00001500339	a2d060c5-8d94-4b1f-9060-c58d945b1f36
EGAR00001325020	6838bd95-7747-433b-b8bd-957747c33b07
EGAR00001500335	2c98846f-ca3c-46c3-9884-6fca3ca6c374
EGAR00001202517	85f210eb-b8ae-4d23-b210-ebb8ae2d23e4
EGAR00001219152	70e10302-7cf7-4831-a103-027cf7c831da
EGAR00001325073	d7f6b0f6-3195-4739-b6b0-f63195e73995
EGAR00001325047	f5c64d51-535b-4ff9-864d-51535b7ff993
EGAR00001566484	0d5a364b-3a72-4388-9a36-4b3a72b388a2
EGAR00001193142	be549364-2d4d-4f7b-9493-642d4d1f7bdd
EGAR00001193151	079d83c1-2bfe-48a6-9d83-c12bfe28a60c
EGAR00001325082	bed9b96f-1384-40cf-99b9-6f138410cf86
EGAR00001325039	638187b7-9080-49a6-8187-b7908059a604
EGAR00001253369	b7feba67-25c1-49c8-beba-6725c149c841
EGAR00001131300	a1f8705a-c27f-490c-b870-5ac27f090c0f
EGAR00001436357	bf43f402-63d4-4fd4-83f4-0263d47fd4fe
EGAR00001202536	83dcb686-a689-4dae-9cb6-86a689bdae56
EGAR00001193140	9a542cc3-0ad5-47c3-942c-c30ad587c3ff
EGAR00001202542	89b8d7d2-c131-45d4-b8d7-d2c13195d4ff
EGAR00001219075	ed99c107-0daa-48d0-99c1-070daa18d059
EGAR00001193157	d37815d2-2056-4368-b815-d22056336894
EGAR00001193154	6ac28a63-1a7d-46a9-828a-631a7d16a95e
EGAR00001436325	6f33dacc-a404-4a63-b3da-cca4048a6327
EGAR00001253312	1ce55181-090b-40f2-a551-81090b00f2fc
EGAR00001325071	74333e0f-1a38-46f9-b33e-0f1a3856f932
EGAR00001325010	cff84f12-aa44-4270-b84f-12aa44c270a3
EGAR00001500348	6f585638-ce74-4604-9856-38ce74c604c5
EGAR00001253362	9f1d84ac-e587-478b-9d84-ace587678b13
EGAR00001193670	cee8fca2-bec3-43af-a8fc-a2bec3d3afbf
EGAR00001500346	56cacb14-7077-479a-8acb-147077b79a94
EGAR00001192952	3339e7cf-26e1-455e-b9e7-cf26e1f55ef4
EGAR00001325074	ffd30de9-e9b9-4dcf-930d-e9e9b98dcfc7
EGAR00001436353	93b3e5b0-5350-4f1f-b3e5-b053506f1fbe
EGAR00001219149	89e57bee-0ca1-45f8-a57b-ee0ca1d5f8df
EGAR00001193709	a2270a69-19cc-43c3-a70a-6919cc43c384
EGAR00001192976	026c0989-0e27-499b-ac09-890e27399b4c
EGAR00001325083	c1d45f7b-15ca-4ba3-945f-7b15cacba3eb
EGAR00001193708	8047471f-8140-4fe5-8747-1f8140bfe590
EGAR00001253304	170cdada-8ce8-4620-8cda-da8ce8d620dc
EGAR00001325036	18e1498f-95bd-4286-a149-8f95bd428687
EGAR00001192956	7fa57331-4acb-4c16-a573-314acbcc1625
EGAR00001192983	6c888877-5ec2-453e-8888-775ec2e53e37
EGAR00001253348	f79c4eb4-7608-4875-9c4e-b47608587513
EGAR00001500332	a87ef93e-cad4-4ef6-bef9-3ecad43ef668
EGAR00001253345	31119e78-e80e-4f38-919e-78e80edf3852
EGAR00001219078	f2b930d4-6eaf-4b1e-b930-d46eafeb1e26
EGAR00001566584	b243a2bd-408b-4539-83a2-bd408b65398f
EGAR00001566483	a62635cb-1c3e-4297-a635-cb1c3ec297f3
EGAR00001436388	59d3aba1-c715-4c1d-93ab-a1c715cc1d02
EGAR00001192973	b6c0afdb-c100-4652-80af-dbc10046520d
EGAR00001202545	ec51978d-5268-46cc-9197-8d526876cc38
EGAR00001436384	56c16c86-dacd-4531-816c-86dacd8531fa
EGAR00001436354	2fc2b749-8154-4615-82b7-4981541615f9
EGAR00001219076	90e2ad44-7dfe-41cb-a2ad-447dfef1cbd0
EGAR00001141753	826f2a90-aed6-4cb7-af2a-90aed6acb770
EGAR00001253351	17fefad6-2557-42c0-befa-d6255792c0b4
EGAR00001370173	7b327a53-258c-4f9b-b27a-53258c5f9b17
EGAR00001219145	9631df66-9fd5-4573-b1df-669fd5d573c4
EGAR00001219089	e6a81073-b521-46be-a810-73b521b6be2a
EGAR00001192978	1b18b7c2-f667-4532-98b7-c2f667f532c7
EGAR00001436348	14cdd1f2-183b-4c80-8dd1-f2183b1c808d
EGAR00001193184	df5e7253-7102-48ae-9e72-537102a8ae1e
EGAR00001370175	4e8df0a5-4cc5-4ceb-8df0-a54cc5ccebc3
EGAR00001566582	e7b419c7-4628-4be2-b419-c746284be2c3
EGAR00001325031	bbff2385-40f9-44a8-bf23-8540f9a4a86f
EGAR00001193170	691e2702-d19a-41d2-9e27-02d19a61d2c0
EGAR00001192974	7180577a-f88a-4f33-8057-7af88a3f33c5
EGAR00001193120	9ab984f1-c60f-41dc-b984-f1c60fd1dcc0
EGAR00001253314	3dd1802c-e43b-48a8-9180-2ce43b98a850
EGAR00001436326	83b2640b-b31a-4baf-b264-0bb31acbafdd
EGAR00001192996	20692400-ec2a-4b4a-a924-00ec2acb4a50
EGAR00001325034	cab38603-75dd-49fa-b386-0375dd79fac5
EGAR00001253301	32b697ca-95f1-4cc3-b697-ca95f10cc305
EGAR00001325085	5fc09348-94a7-47e2-8093-4894a797e21a
EGAR00001500341	b2a33ad4-4277-4d4e-a33a-d44277dd4e4f
EGAR00001192943	6cf07d1c-56b6-4f14-b07d-1c56b61f1441
EGAR00001325061	f01b8ed3-4e74-4ecc-9b8e-d34e746ecc70
EGAR00001202539	38fd211c-f976-4f3a-bd21-1cf9760f3a0c
EGAR00001193182	23e7ceff-8ca7-4aba-a7ce-ff8ca79aba1f
EGAR00001436356	b1014f70-58dc-4248-814f-7058dc024833
EGAR00001253368	01137ec3-1f3e-4a9e-937e-c31f3e6a9e54
EGAR00001193122	251c5f57-1cce-47df-9c5f-571ccea7df18
EGAR00001253352	9dd47eeb-7150-4453-947e-eb7150d4536b
EGAR00001566508	8d5d45ea-ab01-4bb6-9d45-eaab01ebb63d
EGAR00001325060	a3ff3226-38f9-4c20-bf32-2638f9ec209d
EGAR00001193158	15fca156-2e58-48ea-bca1-562e58a8eae8
EGAR00001566479	0742b6c8-cc42-47c6-82b6-c8cc42c7c60d
EGAR00001500345	a0f28970-92f5-45a2-b289-7092f5c5a26b
EGAR00001436344	8f84ebe2-7255-4e0b-84eb-e272553e0ba8
EGAR00001192967	f7e9de5d-4ce8-4956-a9de-5d4ce8e956b3
EGAR00001436323	f4844f8a-3c23-4b8b-844f-8a3c23db8b13
EGAR00001193669	b16dba10-eceb-4345-adba-10ecebc345be
EGAR00001436403	b10f98c1-bec2-4002-8f98-c1bec26002f7
EGAR00001192977	0d75d04f-fcb7-44ae-b5d0-4ffcb7c4ae41
EGAR00001566500	900cefe7-ae4c-4ecb-8cef-e7ae4c4ecb60
EGAR00001436386	e2301daf-0e14-4c53-b01d-af0e140c53d8
EGAR00001253306	7deb61c0-b317-4178-ab61-c0b31761783f
EGAR00001193126	0ed42685-1435-42d1-9426-85143562d14c
EGAR00001131310	4abd24cf-6539-4ec3-bd24-cf65392ec31a
EGAR00001436333	074abeff-0a05-4726-8abe-ff0a0587269e
EGAR00001325012	039db4c9-524c-4c5c-9db4-c9524c4c5c6e
EGAR00001193702	8ed91379-9329-425a-9913-799329b25ad3
EGAR00001325077	cbd1c631-c4d3-4ed3-91c6-31c4d38ed3a0
EGAR00001193109	e91ad20c-8526-4ca8-9ad2-0c8526aca801
EGAR00001193110	66a89dbe-8298-4f88-a89d-be82988f88e0
EGAR00001370189	286b1a1e-fe98-449c-ab1a-1efe98449c19
EGAR00001436355	8d517da0-d519-4f62-917d-a0d519bf627f
EGAR00001500336	3531ed1e-eb23-4df8-b1ed-1eeb23adf846
EGAR00001436390	4445bcb5-9950-4c48-85bc-b599509c4847
EGAR00001370194	73cca779-2af9-4ca0-8ca7-792af94ca03f
EGAR00001325011	d26c1b46-890a-4f13-ac1b-46890abf13d8
EGAR00001253320	522f8991-c7d2-4ec8-af89-91c7d27ec860
EGAR00001131296	f174e950-634d-4358-b4e9-50634de3586d
EGAR00001193127	56a0a983-7a45-498f-a0a9-837a45c98f54
EGAR00001566556	4aa1f748-fd2a-4cc1-a1f7-48fd2a1cc1e0
EGAR00001253305	f4c0d777-4cbb-4b9a-80d7-774cbbbb9a6a
EGAR00001202540	39248b38-94ec-4c12-a48b-3894ec7c1226
EGAR00001192979	ca7a96dc-b8d4-4e77-ba96-dcb8d49e773d
EGAR00001500322	af62b08f-c03e-462e-a2b0-8fc03e562efd
EGAR00001219091	ed77064d-2321-46bc-b706-4d2321a6bc3a
EGAR00001141752	cdce67c7-1856-4999-8e67-c71856f99970
EGAR00001436405	38919089-99af-40a7-9190-8999af00a7ce
EGAR00001192959	b06f5388-12d4-4215-af53-8812d4c215fe
EGAR00001436387	99a482eb-e201-4909-a482-ebe201b90972
EGAR00001131289	dd0b9c67-4086-440a-8b9c-674086340a03
EGAR00001325038	c91c08c4-5cb2-4f23-9c08-c45cb29f2335
EGAR00001370186	e75861c1-286c-460f-9861-c1286cd60f24
EGAR00001192971	adfac59b-1de0-4b33-bac5-9b1de03b33a9
EGAR00001325013	ac5b28e7-a5e5-45db-9b28-e7a5e565dbd5
EGAR00001193104	c488b04f-7a5f-4126-88b0-4f7a5fc12632
EGAR00001192944	b18f52ca-1279-4f31-8f52-ca12797f31a1
EGAR00001325046	2834cb7b-a56f-4cc9-b4cb-7ba56f0cc9a5
EGAR00001193091	2af56cae-6c22-4e55-b56c-ae6c22be5561
EGAR00001253313	97bce607-f602-4a1d-bce6-07f6029a1dcb
EGAR00001193128	d43c8366-70ce-4ea9-bc83-6670cedea919
EGAR00001436343	22705ec7-5d86-4587-b05e-c75d86b587a0
EGAR00001436349	96058065-1efa-4871-8580-651efa887113
EGAR00001193659	7e06d9a3-adbb-4d91-86d9-a3adbbad9186
EGAR00001436346	9950139c-bbe4-4c47-9013-9cbbe42c47ed
EGAR00001436327	f6cafdb6-743a-4b37-8afd-b6743a7b37fa
EGAR00001566494	84c5d230-06d9-44dd-85d2-3006d964dd2e
EGAR00001325016	324b8189-3cd4-42da-8b81-893cd492dacb
EGAR00001436413	a57b272c-b0bf-4ce9-bb27-2cb0bf8ce98d
EGAR00001370172	cb771731-fe4e-41f0-b717-31fe4e11f095
EGAR00001370184	c632864c-fcf9-4291-b286-4cfcf9f291cc
EGAR00001131295	c18c15b1-4c4b-478f-8c15-b14c4b578ff5
EGAR00001436391	dc69d285-91be-4d5d-a9d2-8591be1d5d7b
EGAR00001253337	d83ab1b6-afca-46f5-bab1-b6afca16f502
EGAR00001436399	edfa7327-8435-4761-ba73-278435476126
EGAR00001193161	d69a62fe-3210-486c-9a62-fe3210d86c44
EGAR00001566492	42fc8265-a9e6-427b-bc82-65a9e6c27b15
EGAR00001131294	5613d92d-c910-4e27-93d9-2dc9108e274b
EGAR00001193108	8a0addbc-124e-40dd-8add-bc124e40ddd9
EGAR00001219146	c239ab4e-c04b-47d4-b9ab-4ec04ba7d45b
EGAR00001325065	94881937-3092-4537-8819-37309285370c
EGAR00001566510	b8f7b5fc-97c3-4080-b7b5-fc97c3108066
EGAR00001193171	030a6045-d1fc-458a-8a60-45d1fc458ad7
EGAR00001193141	c860fa5a-65a8-438d-a0fa-5a65a8838dd5
EGAR00001370192	52f6c8b8-970f-462a-b6c8-b8970fc62a18
EGAR00001253344	31beac8e-8286-4570-beac-8e828615706d
EGAR00001566568	3edac101-66d9-4a52-9ac1-0166d95a5203
EGAR00001131299	a947b32f-e8da-4a46-87b3-2fe8dafa4631
EGAR00001370193	af814311-c8f1-45dd-8143-11c8f175ddff
EGAR00001325049	9110449e-ef5d-4feb-9044-9eef5dafebbc
EGAR00001500321	315d0a38-81c1-4544-9d0a-3881c1254414
EGAR00001253363	5261a7b8-67ca-4359-a1a7-b867ca5359ec
EGAR00001193697	d9efb08d-47ba-4358-afb0-8d47bac3589e
EGAR00001141756	cdb81653-fe21-45e3-b816-53fe21c5e3f8
EGAR00001436332	5711edd1-7550-4ff5-91ed-d17550fff574
EGAR00001566555	6e5f4430-43b4-4c3d-9f44-3043b46c3d95
EGAR00001193701	693f9c54-af32-4a51-bf9c-54af322a515c
EGAR00001566585	7aabb115-2ab7-46e9-abb1-152ab756e927
EGAR00001192961	9b111987-e7bc-48e1-9119-87e7bcb8e10e
EGAR00001193664	5649a67e-e74d-4b0a-89a6-7ee74d6b0a55
EGAR00001325062	6c0eafb1-53b1-4a8c-8eaf-b153b10a8cc6
EGAR00001325015	bfe9e0f4-48bf-40fb-a9e0-f448bf80fb46
EGAR00001500330	a9601318-60b2-4e1f-a013-1860b25e1f6c
EGAR00001219151	9d93bc04-2ba0-4592-93bc-042ba0d59215
EGAR00001325040	8cf54905-aa54-4e94-b549-05aa548e9421
EGAR00001500337	12dfefd4-e0bd-413d-9fef-d4e0bd913d4b
EGAR00001500342	c2b234b5-2904-43f9-b234-b5290443f9da
EGAR00001193121	114cab4d-2cba-4d12-8cab-4d2cba8d12e9
EGAR00001566574	dcd73722-8672-404c-9737-228672904c1a
EGAR00001500351	6d28d462-e52e-479e-a8d4-62e52e579e9f
EGAR00001219147	1b75cb94-ad05-4a18-b5cb-94ad054a18c8
EGAR00001193174	48e0eef4-07cc-444e-a0ee-f407cc744e38
EGAR00001193177	480109fc-d432-40c5-8109-fcd432e0c5bc
EGAR00001436385	7289e495-af3e-4113-89e4-95af3e311303
EGAR00001193179	9038faf1-180c-4baa-b8fa-f1180c5baa55
EGAR00001192970	f9dc6c46-87ad-4c2a-9c6c-4687addc2a73
EGAR00001193710	623dc3f4-783c-4411-bdc3-f4783c141174
EGAR00001500343	4e20df6c-f67b-4189-a0df-6cf67b318917
EGAR00001436410	6d532558-fa36-4751-9325-58fa3697515f
EGAR00001219074	093459ec-857c-421a-b459-ec857cc21ac4
EGAR00001253328	e8eac5d4-c1de-4b00-aac5-d4c1de4b0085
EGAR00001219148	f8561de8-c330-4623-961d-e8c3302623b8
EGAR00001325070	824c96b4-dcd9-48c9-8c96-b4dcd968c9c3
EGAR00001566485	e4eeac5d-bec7-4009-aeac-5dbec78009ce
EGAR00001193180	8a0d8b97-f334-4e58-8d8b-97f3348e581a
EGAR00001500352	cd9a879b-23d3-40de-9a87-9b23d380def5
EGAR00001436345	4ed74435-ce41-4c15-9744-35ce411c153b
EGAR00001566557	a5b4a7ee-f502-4f31-b4a7-eef5025f314a
EGAR00001141755	df7e0685-868c-4cfc-be06-85868c6cfcab
EGAR00001219088	9c7dab15-e29f-4ff6-bdab-15e29f8ff663
EGAR00001436408	61264b8e-daf3-425c-a64b-8edaf3a25cdb
EGAR00001325043	6493c7bf-3675-4d57-93c7-bf3675fd570c
EGAR00001193107	0082373a-8937-44fd-8237-3a893784fd36
EGAR00001325021	280eb4df-3be4-4d41-8eb4-df3be47d4148
EGAR00001370204	d485dd9b-c79a-43d3-85dd-9bc79a93d335
EGAR00001253343	9db59479-ac74-49ab-b594-79ac74c9ab98
EGAR00001193003	b0a6e31c-50ea-40da-a6e3-1c50eaf0da21
EGAR00001500317	3b69280e-1b5e-4882-a928-0e1b5eb882a9
EGAR00001566496	9a5aa936-a68e-48b1-9aa9-36a68ea8b153
EGAR00001436404	1721b7ba-f47e-41f5-a1b7-baf47e11f59c
EGAR00001193150	fa81432b-c992-44a3-8143-2bc992b4a38e
EGAR00001370176	759ea3b2-bdc6-4436-9ea3-b2bdc69436d5
EGAR00001566507	e973841f-d50a-405f-b384-1fd50ab05f79
EGAR00001193125	5815ad86-01b1-41f8-95ad-8601b131f864
EGAR00001566564	b1a10dfe-f797-4673-a10d-fef797d673ce
EGAR00001193178	f542ba5d-1b6a-40b1-82ba-5d1b6ae0b142
EGAR00001566561	5e688e32-c11f-4dc6-a88e-32c11fedc641
EGAR00001192966	6fad3df1-787f-4c57-ad3d-f1787ffc576a
EGAR00001131309	746a7223-66bf-44a8-aa72-2366bfa4a89d
EGAR00001545651	cecf334d-2089-4647-8f33-4d2089b647b9
EGAR00001193105	5c0cec53-cbd7-40d3-8cec-53cbd7b0d313
EGAR00001566490	5d416441-aba1-4f6a-8164-41aba11f6a7b
EGAR00001193143	2e34eb26-4a79-4804-b4eb-264a79f80400
EGAR00001436382	fd7e7bc8-fa6b-4ea2-be7b-c8fa6b1ea2cb
EGAR00001202525	e4f24225-b421-4df8-b242-25b4217df896
EGAR00001192969	9f2ee825-40b3-41c6-aee8-2540b341c6e4
EGAR00001253367	948afe23-5a86-4520-8afe-235a8695205d
EGAR00001193096	6fd8efb4-8476-47c7-98ef-b4847637c79e
EGAR00001193694	d5ca761e-3e0b-4cf4-8a76-1e3e0b0cf413
