EGAZ00001301103	ac2e12ee-6ab4-4247-ae12-ee6ab4f247cb
EGAZ00001301187	17f4ab1d-099a-4b1e-b4ab-1d099aab1ea4
EGAZ00001301137	e7c7599b-fdec-4e69-8759-9bfdecfe69d6
EGAZ00001301119	c0c0ecd1-7afd-4c1c-80ec-d17afd2c1c32
EGAZ00001301180	6f886590-5103-4846-8865-905103684643
EGAZ00001301227	da38dde4-6765-4090-b8dd-e46765e09084
EGAZ00001301071	17d175b6-ca6b-42cd-9175-b6ca6b02cd2e
EGAZ00001301204	4ef0f768-74b7-4826-b0f7-6874b76826b2
EGAZ00001301104	d7ebcb33-e0b4-43c7-abcb-33e0b403c7e8
EGAZ00001301148	840a9d54-1a8b-4fdc-8a9d-541a8b8fdc24
EGAZ00001301151	574478c0-433c-4b4e-8478-c0433c9b4e93
EGAZ00001386950	9c703984-7976-4a01-b039-847976aa016c
EGAZ00001301150	7905f629-8f7d-42fa-85f6-298f7df2fa05
EGAZ00001301222	e3844567-8702-4982-8445-6787028982a6
EGAZ00001301235	56e55d8e-3812-454d-a55d-8e3812e54d8b
EGAZ00001301118	0b49d8a5-732d-40e7-89d8-a5732dc0e741
EGAZ00001301230	622bab52-33a3-4b31-abab-5233a32b31fc
EGAZ00001386947	d854956e-008e-4685-9495-6e008ea685b3
EGAZ00001301080	bb90ece2-a32a-4992-90ec-e2a32a7992a4
EGAZ00001301241	268146f5-cdda-41dd-8146-f5cdda11dde6
EGAZ00001301258	757f1a41-1f16-402c-bf1a-411f16502ca3
EGAZ00001301159	c4187a31-fe8a-43f3-987a-31fe8a73f301
EGAZ00001301082	068e65b4-8c94-479c-8e65-b48c94f79c7b
EGAZ00001301131	2e607d98-eb26-45bb-a07d-98eb2635bb22
EGAZ00001301092	d1bfdc8a-61fc-4e7d-bfdc-8a61fc9e7d2c
EGAZ00001301143	950c2200-1f91-4bbc-8c22-001f91fbbce9
EGAZ00001301069	486fec4c-92ac-42bc-afec-4c92acc2bc5e
EGAZ00001301201	d726bffa-2aba-448d-a6bf-fa2abaa48d30
EGAZ00001301155	084a084a-f7e4-4cf2-8a08-4af7e4acf25a
EGAZ00001301240	a82a1180-d34d-4fc1-aa11-80d34d9fc1e2
EGAZ00001301250	92bdffe9-670b-42cd-bdff-e9670b12cd55
EGAZ00001301211	90e0b4ee-e16e-4695-a0b4-eee16e7695c4
EGAZ00001301184	8d690f95-25c8-4198-a90f-9525c8319864
EGAZ00001301173	5bb0bdd8-cc9a-49f5-b0bd-d8cc9a59f510
EGAZ00001301085	ca73b3c9-bd87-4200-b3b3-c9bd877200e4
EGAZ00001301198	d915bfb5-e45d-4bda-95bf-b5e45d1bda3e
EGAZ00001301209	c547b552-9eb3-4ecc-87b5-529eb30eccec
EGAZ00001301139	4046a39b-1fef-46d1-86a3-9b1fef46d153
EGAZ00001301076	73c1693e-8c36-4825-8169-3e8c361825cd
EGAZ00001301161	c45306f7-a288-4e77-9306-f7a2882e77d1
EGAZ00001301140	8da7e74f-152a-47da-a7e7-4f152a67da72
EGAZ00001301196	22899cf9-11ed-4776-899c-f911ed27764f
EGAZ00001301165	9c4c5936-dd42-4e56-8c59-36dd425e56de
EGAZ00001301185	877c6d7a-0580-42c5-bc6d-7a058062c50b
EGAZ00001301073	c4d9e1db-2fb8-4c7d-99e1-db2fb80c7d15
EGAZ00001301101	a8f73fc8-f713-433f-b73f-c8f713033ff1
EGAZ00001301181	2c9d4fd5-f599-4563-9d4f-d5f5996563a9
EGAZ00001301142	63d2f861-568b-487d-92f8-61568b687dea
EGAZ00001301259	dc864f3f-589f-4a0e-864f-3f589f8a0ef5
EGAZ00001301068	b29cbf7d-a821-4d8e-9cbf-7da821cd8e4a
EGAZ00001301146	2d83714e-ec8e-47d3-8371-4eec8e47d3d7
EGAZ00001301244	849cb359-b6ea-406a-9cb3-59b6ea706ac6
EGAZ00001301114	e509dc7c-ede5-456e-89dc-7cede5d56ea1
EGAZ00001301072	8c9c37a3-9bc9-4f79-9c37-a39bc9bf79db
EGAZ00001301074	1bdd480f-59bf-4377-9d48-0f59bf337789
EGAZ00001301084	2803cf61-1655-49d3-83cf-61165519d329
EGAZ00001316126	44351671-9100-46d2-b516-71910006d2ee
EGAZ00001386948	c5b36c4e-3d39-49bc-b36c-4e3d39a9bc7c
EGAZ00001301138	cb81820e-0666-4c51-8182-0e06664c518e
EGAZ00001301186	5251fd0f-a42b-4257-91fd-0fa42b22577f
EGAZ00001301168	10da9bf3-c9d8-40fa-9a9b-f3c9d8c0fa19
EGAZ00001301094	33238959-4a08-4f8f-a389-594a081f8f1d
EGAZ00001301116	1b6dfb6d-40e7-43b8-adfb-6d40e743b880
EGAZ00001301162	1a60f66a-b051-4d5a-a0f6-6ab0516d5a77
EGAZ00001301128	c45a5941-6199-4fd1-9a59-416199cfd13a
EGAZ00001301156	9457bcc6-c819-410f-97bc-c6c819b10f57
EGAZ00001301066	e1e0ed8c-331c-4d45-a0ed-8c331c8d45b8
EGAZ00001301107	d67da441-8ed9-4d53-bda4-418ed98d5322
EGAZ00001301109	43a36847-88b2-4706-a368-4788b2770679
EGAZ00001301091	50abae2d-ab0a-4b10-abae-2dab0a7b1090
EGAZ00001301218	b3883f33-b33d-4362-883f-33b33d73622d
EGAZ00001301171	39d0ba14-6b98-44c8-90ba-146b9804c852
EGAZ00001301160	d7f1c6be-a5c5-402e-b1c6-bea5c5002eee
EGAZ00001301256	c1d7f0dd-9db4-4ce4-97f0-dd9db4dce4aa
EGAZ00001301228	ac041477-68cc-4499-8414-7768cc049945
EGAZ00001301167	b5f6d024-8809-4a4c-b6d0-248809da4c77
EGAZ00001301195	fd59f54b-3252-4cd8-99f5-4b32525cd81e
EGAZ00001301120	cf7dcd69-6062-4856-bdcd-696062e856a5
EGAZ00001301191	df469ac9-dac6-4bec-869a-c9dac64becad
EGAZ00001386943	358e36fe-325f-40ee-8e36-fe325f10ee83
EGAZ00001301251	81af0a1c-5929-435c-af0a-1c5929835c71
EGAZ00001301178	2ec5f3e8-5f59-4864-85f3-e85f59c8646d
EGAZ00001301135	6867a458-0025-44ac-a7a4-58002514ac7d
EGAZ00001301129	1bccfdb7-795b-4d69-8cfd-b7795b5d69d8
EGAZ00001301224	e77a15db-dee3-4813-ba15-dbdee30813f7
EGAZ00001301081	c28c7254-de61-419b-8c72-54de61c19b5d
EGAZ00001301164	6130109f-cf37-48b3-b010-9fcf3758b384
EGAZ00001301194	86a8d3f8-2755-417e-a8d3-f82755b17eb7
EGAZ00001301096	798fa013-f3ad-4c4f-8fa0-13f3adbc4f36
EGAZ00001301088	ea16b3d1-228b-498c-96b3-d1228b498c7a
EGAZ00001301176	3a841735-4cf3-4c60-8417-354cf32c6015
EGAZ00001301153	ed4e2b57-3442-4825-8e2b-573442482560
EGAZ00001301075	a0858431-6140-4c4d-8584-316140dc4d70
EGAZ00001301158	54d9dd2c-37ec-4609-99dd-2c37ece60931
EGAZ00001301226	40e1ab52-b9da-4da2-a1ab-52b9da8da2f9
EGAZ00001301152	1087e4eb-78c3-481c-87e4-eb78c3c81c18
EGAZ00001301188	32e6b29f-efe6-41ba-a6b2-9fefe631ba66
EGAZ00001301202	3bb6d8b3-d5d5-48e3-b6d8-b3d5d5c8e383
EGAZ00001301215	ced864bc-a533-45c4-9864-bca53355c45b
EGAZ00001301124	6b901c2c-a70d-4a17-901c-2ca70dea17c3
EGAZ00001301229	49b865be-9c66-4639-b865-be9c66f639fb
EGAZ00001301136	d56e0dbe-f729-4a2b-ae0d-bef7295a2b29
EGAZ00001301093	63f2d7a3-75a1-4b11-b2d7-a375a13b11f1
EGAZ00001386946	549503e8-aa57-42f4-9503-e8aa57d2f4a5
EGAZ00001301207	30d2d928-39e1-4a7c-92d9-2839e19a7cca
EGAZ00001301132	36b8d561-54cd-4770-b8d5-6154cd377005
EGAZ00001301095	0b1878f4-f2ff-4922-9878-f4f2ffd9221f
EGAZ00001301234	fa24bb00-b1ed-41cb-a4bb-00b1ed21cbca
EGAZ00001301122	6eceb4c3-aabf-4c07-8eb4-c3aabffc07d8
EGAZ00001301192	e6d2ce6a-a88c-448b-92ce-6aa88c848b46
EGAZ00001301145	f7aed13f-6587-40ff-aed1-3f658700fff8
EGAZ00001301260	564a46fb-2ff8-4861-8a46-fb2ff898616c
EGAZ00001301245	3dc22c55-e253-4909-822c-55e253e909ee
EGAZ00001301117	88ba375e-f2af-4980-ba37-5ef2af89800e
EGAZ00001301133	5a55886c-399d-4443-9588-6c399d444350
EGAZ00001301079	2bf137e0-3c7b-4019-b137-e03c7bc01997
EGAZ00001301246	67631b3c-a159-4efb-a31b-3ca1598efb39
EGAZ00001301174	88ba3334-29c1-431c-ba33-3429c1e31c5f
EGAZ00001301216	c4392121-24de-4ba7-b921-2124deaba78f
EGAZ00001301243	f211befa-9a3e-402a-91be-fa9a3ef02aa3
EGAZ00001301239	47f5deac-24ef-4925-b5de-ac24ef8925d6
EGAZ00001301166	11d554eb-70ef-4cb0-9554-eb70ef2cb030
EGAZ00001301149	e7253c8b-a664-4a70-a53c-8ba664ea7060
EGAZ00001301077	adb0d108-154d-4b22-b0d1-08154ddb2213
EGAZ00001301106	16d7d6ff-4de7-4a40-97d6-ff4de7ba40ef
EGAZ00001301115	d9bb580b-1f3d-4639-bb58-0b1f3d96396f
EGAZ00001301190	315c36fe-d2cb-4a3d-9c36-fed2cb8a3dfa
EGAZ00001301203	7c5a213e-e123-499f-9a21-3ee123199fd7
EGAZ00001301102	e074314e-3e6a-43a2-b431-4e3e6af3a2ab
EGAZ00001301189	a1d65621-6cec-4cc5-9656-216cecdcc548
EGAZ00001301255	128c2eae-6417-4e54-8c2e-ae64174e5461
EGAZ00001301233	c1ac2aee-b54c-4f5f-ac2a-eeb54c5f5fd0
EGAZ00001301121	b0048816-a013-49e6-8488-16a01339e6f2
EGAZ00001301112	6d794320-251c-4b55-b943-20251c3b5515
EGAZ00001301090	50f3c324-c101-4ca6-b3c3-24c101dca618
EGAZ00001301221	a46d9d23-3412-4289-ad9d-233412628941
EGAZ00001301212	7b12d46a-ed0f-4e08-92d4-6aed0f4e0877
EGAZ00001316125	4f41df1c-2b2f-4860-81df-1c2b2f5860c2
EGAZ00001301067	bae32f2d-7720-4027-a32f-2d7720402720
EGAZ00001301113	d07df0c2-4684-477c-bdf0-c24684377cca
EGAZ00001316132	8a4a8c9e-970e-4d9a-8a8c-9e970e5d9a38
EGAZ00001301127	f740659b-5a04-4720-8065-9b5a04b720ae
EGAZ00001301097	ef544e1a-669e-47aa-944e-1a669e67aac9
EGAZ00001301223	56357401-e8b3-4e16-b574-01e8b3fe16f2
EGAZ00001301163	9efc8a0c-aa3b-48db-bc8a-0caa3b18dbd4
EGAZ00001301254	f7db7782-bb6b-4ba7-9b77-82bb6b6ba7fd
EGAZ00001301070	e76daebd-a78e-4da4-adae-bda78eeda442
EGAZ00001301123	6846be6e-106f-4da9-86be-6e106f8da940
EGAZ00001301172	42753ef4-ea3a-4639-b53e-f4ea3a9639cb
EGAZ00001301231	fe0282ec-ac77-437f-8282-ecac77537fb9
EGAZ00001301144	9e756a84-064e-41cd-b56a-84064e81cd19
EGAZ00001301206	eda49671-5c78-4f90-a496-715c78bf90b6
EGAZ00001316131	9571c2d5-4423-4e19-b1c2-d544235e199f
EGAZ00001301214	a0140800-0b12-4acc-9408-000b120accef
EGAZ00001301179	0ea1f7fa-220e-43ba-a1f7-fa220ea3ba0e
EGAZ00001301087	461948af-fcf3-43cc-9948-affcf313cc3d
EGAZ00001301078	2bb76de2-36ec-478d-b76d-e236eca78d43
EGAZ00001301141	60bb7870-fab5-4d5d-bb78-70fab50d5d6b
EGAZ00001301170	93ba8692-14e3-4658-ba86-9214e3865822
EGAZ00001386942	ef2d7c1e-d6a6-4559-ad7c-1ed6a685593e
EGAZ00001301225	c5facf49-d279-415c-bacf-49d279e15cb8
EGAZ00001301182	8cd14311-d324-4e33-9143-11d324ee339c
EGAZ00001301210	9d29ea47-81bd-46c6-a9ea-4781bd46c603
EGAZ00001301083	cefe814a-7230-427f-be81-4a7230d27f49
EGAZ00001301086	ceaf1029-7e1f-4871-af10-297e1f3871e0
EGAZ00001301205	c9a26c45-0a79-4499-a26c-450a7964992b
EGAZ00001301238	0238d5de-47f7-4ec2-b8d5-de47f73ec26f
EGAZ00001301193	7249dced-7119-4e25-89dc-ed7119ee257a
EGAZ00001301248	8a7eaec8-1dbe-4bcc-beae-c81dbe3bcc53
EGAZ00001301154	143ee16c-ce60-42fb-bee1-6cce60b2fbfd
EGAZ00001301111	7c08a43d-5ed8-480b-88a4-3d5ed8380b13
EGAZ00001301253	53e50cc2-66fe-4956-a50c-c266fed9564e
EGAZ00001301199	c5d2b96e-f991-4cbf-92b9-6ef991dcbf21
EGAZ00001386949	fda905ba-ddc9-4a15-a905-baddc97a15a8
EGAZ00001301183	02fb2cd2-abd5-4999-bb2c-d2abd51999b9
EGAZ00001301236	bf6abe85-552a-4ce4-aabe-85552a1ce467
EGAZ00001301108	eb5822c4-3d75-4ec9-9822-c43d75cec91e
EGAZ00001301247	d9618367-b366-4f5a-a183-67b366bf5aa3
EGAZ00001301089	18c0cb41-e9cf-41fa-80cb-41e9cf31fa9f
EGAZ00001301208	7bd18e59-071c-4b45-918e-59071cab4580
EGAZ00001301169	16acbbd9-7a3b-4d94-acbb-d97a3b4d9402
EGAZ00001301098	f54d9c22-2509-48e2-8d9c-22250908e2b3
EGAZ00001301237	f743f812-5b2b-4adb-83f8-125b2bcadb94
EGAZ00001300239	ce4fb1ef-8b17-427e-8fb1-ef8b17527e39
EGAZ00001301197	ab0e91aa-0b62-4996-8e91-aa0b62f996ab
EGAZ00001301125	bfad7838-597c-4a4c-ad78-38597c4a4c09
EGAZ00001301217	4ba02380-1b0b-4121-a023-801b0b512145
EGAZ00001301213	b56a0d4b-2c84-4d23-aa0d-4b2c849d2341
EGAZ00001301257	e17d0775-10f7-4233-bd07-7510f78233c5
EGAZ00001301220	64168c26-65ce-4f77-968c-2665ce6f7778
EGAZ00001301177	a8340b06-c613-4e2c-b40b-06c6138e2c4a
EGAZ00001301232	7fcb3993-a764-49df-8b39-93a764b9df3b
EGAZ00001301105	f543a3f5-9b5b-4fb4-83a3-f59b5b8fb4c2
EGAZ00001301134	b979b956-3f28-4888-b9b9-563f28988863
EGAZ00001386945	60991707-4af9-4f20-9917-074af98f20ab
EGAZ00001301126	1131d09c-e0d1-4a9d-b1d0-9ce0d18a9d5d
EGAZ00001301261	e89e8d78-9588-47b3-9e8d-78958837b3d5
EGAZ00001301157	47269b52-fb06-4697-a69b-52fb06a697b0
EGAZ00001301130	6f45a67b-ff15-4669-85a6-7bff15d6694b
EGAZ00001301175	6ba71d25-f0f3-492b-a71d-25f0f3f92bfd
