EGAZ00001015481	1bc32832-eee4-4e6e-8328-32eee49e6e6f
EGAZ00001230734	0bb31d1c-26e8-4c68-b31d-1c26e8ec68a7
EGAZ00001015191	10de3d6a-7661-4cdc-9e3d-6a76614cdcb1
EGAZ00001015102	a978a56d-502f-42eb-b8a5-6d502fc2eb33
EGAZ00001015474	36747b1e-75dc-4d70-b47b-1e75dc9d706b
EGAZ00001230651	54c27111-deca-40ad-8271-11deca90ad1f
EGAZ00001015192	f789daef-0c3c-4a9c-89da-ef0c3c3a9cd9
EGAZ00001015531	fcdccaae-f5e7-4225-9cca-aef5e7b225aa
EGAZ00001230675	5c385907-f619-4f5b-b859-07f6199f5bd3
EGAZ00001015203	bae5d208-e1c0-43cf-a5d2-08e1c0c3cfb5
EGAZ00001230932	eb4fc47c-d79f-41e7-8fc4-7cd79f61e774
EGAZ00001230629	c3802cac-1907-43e8-802c-ac190783e8fe
EGAZ00001230664	1a388c07-daed-40a1-b88c-07daedd0a101
EGAZ00001230723	e25a5a54-0e3a-44fb-9a5a-540e3a84fb25
EGAZ00001230624	0fb9fc85-efeb-42b1-b9fc-85efebd2b123
EGAZ00001015137	a63a05e1-9cb9-473a-ba05-e19cb9473a1c
EGAZ00001230662	4d800362-8528-43eb-8003-628528f3eb3a
EGAZ00001015446	05b385d1-8193-4b84-b385-d181935b84c1
EGAZ00001015205	25dce145-b943-44b7-9ce1-45b943f4b754
EGAZ00001015141	180a6bf9-39dd-4156-8a6b-f939dd2156c0
EGAZ00001015398	2c755f62-1929-41a6-b55f-62192991a6bb
EGAZ00001015117	5d1ed1f0-29b0-4a60-9ed1-f029b05a60e0
EGAZ00001015114	c8ca397c-f33b-4e28-8a39-7cf33b3e28e4
EGAZ00001015206	68914cb2-eafa-442c-914c-b2eafa642c03
EGAZ00001015099	c76a823a-3961-4cba-aa82-3a3961fcba0e
EGAZ00001230736	8655a0b3-c8df-4432-95a0-b3c8df0432c3
EGAZ00001015352	e2131db5-cf23-468f-931d-b5cf23568fe5
EGAZ00001230743	a69e870d-2649-45c4-9e87-0d264905c495
EGAZ00001230922	0496db05-4018-4a3e-96db-0540187a3ef3
EGAZ00001015523	0c27abd0-98c9-4e80-a7ab-d098c92e8083
EGAZ00001015450	99c774a7-eebc-4a82-8774-a7eebc2a82e6
EGAZ00001230762	0eeeca4b-5ada-4043-aeca-4b5ada3043b0
EGAZ00001230728	d1491b3b-b5ef-41e2-891b-3bb5efc1e2eb
EGAZ00001015526	330769be-be3c-448c-8769-bebe3cc48c7e
EGAZ00001015553	aeeaf031-c03e-4524-aaf0-31c03ea52453
EGAZ00001230941	dee806b4-61ce-4867-a806-b461ce886775
EGAZ00001015462	45978cd8-97d8-4a37-978c-d897d80a37f6
EGAZ00001230895	c7332a8f-e308-4978-b32a-8fe3084978e8
