EGAZ00001230850	b55d5336-77ab-4ab0-9d53-3677abaab0b9
EGAZ00001230899	0055f91b-d174-4db1-95f9-1bd1748db106
EGAZ00001230649	b02edff7-707c-4176-aedf-f7707cc176b6
EGAZ00001230637	fa515100-ff12-4a0d-9151-00ff125a0dd3
EGAZ00001230852	45094b70-e096-46d1-894b-70e09636d1b1
EGAZ00001015422	2d5f8d2e-ed5c-4ee9-9f8d-2eed5c0ee96a
EGAZ00001015337	34a7ae9d-51de-4f42-a7ae-9d51de5f4253
EGAZ00001015174	c0ee566f-6ef4-4887-ae56-6f6ef4e88728
EGAZ00001015171	7a1a0c34-97c9-4d49-9a0c-3497c9cd4924
EGAZ00001015146	31bdb555-693e-4923-bdb5-55693ef9233c
EGAZ00001230939	02a9dd31-662d-4bd9-a9dd-31662d2bd91a
EGAZ00001230695	db19e57d-e9d5-457e-99e5-7de9d5b57e6d
EGAZ00001230779	cf2619ef-54c5-466b-a619-ef54c5466b1c
EGAZ00001230742	de7cc58e-e0cd-43ed-bcc5-8ee0cd83ed9c
EGAZ00001015162	873fef2a-6686-4d50-bfef-2a66869d5035
EGAZ00001015494	b43d0f84-1ffc-4699-bd0f-841ffcc6995f
EGAZ00001015150	abeb33cf-3cd6-4f06-ab33-cf3cd6df06a8
EGAZ00001230739	a97d55b6-0939-4b99-bd55-b609395b9975
EGAZ00001230759	6e68318e-b623-46da-a831-8eb62386da6d
EGAZ00001230640	12facae7-d8d6-4283-baca-e7d8d6c28371
EGAZ00001015188	73923ec2-1296-41d6-923e-c21296b1d670
EGAZ00001230859	fe224288-d1c6-40a8-a242-88d1c690a8d3
EGAZ00001015107	df23ee21-4c8e-47ca-a3ee-214c8e77ca10
EGAZ00001230837	ac06d345-595f-4160-86d3-45595f0160aa
EGAZ00001230824	b1de61c8-0420-4096-9e61-c8042000964c
EGAZ00001015158	4c2ced6c-9101-456c-aced-6c9101b56c2d
EGAZ00001015100	1aed7def-9bee-4114-ad7d-ef9bee0114b1
EGAZ00001230692	cc2960f0-07bd-48e1-a960-f007bd08e120
EGAZ00001015159	7a8848cd-c141-43e3-8848-cdc14163e380
EGAZ00001230823	af6453bc-73cb-450f-a453-bc73cb450ff0
EGAZ00001015194	8c73ae3a-89dc-462f-b3ae-3a89dc962f95
EGAZ00001015089	3a42252d-53a0-4fae-8225-2d53a0efae73
EGAZ00001230730	8133be78-3897-41e1-b3be-78389701e162
EGAZ00001230802	9697130e-9ee9-4c5f-9713-0e9ee95c5f29
EGAZ00001230746	369471de-53dc-4d41-9471-de53dced4183
EGAZ00001230758	220ddb25-f3ae-4021-8ddb-25f3aea02189
EGAZ00001015160	4d764ebd-6bbb-4448-b64e-bd6bbba44810
EGAZ00001015179	fc7c6758-e58b-4848-bc67-58e58b7848a6
EGAZ00001230696	28a76517-1583-415b-a765-171583615b33
EGAZ00001015177	8f40316d-7faf-4203-8031-6d7fafd203d5
EGAZ00001015199	60660162-0636-4d07-a601-620636cd0751
EGAZ00001230903	d7d34081-520b-4532-9340-81520b053244
EGAZ00001015111	38cde686-ffb0-42ba-8de6-86ffb0d2ba2c
EGAZ00001230641	3c75f32a-de5e-4bb4-b5f3-2ade5e9bb45c
EGAZ00001230829	7e031841-7e87-49fe-8318-417e8749fe48
EGAZ00001015207	847d81a6-abef-432d-bd81-a6abef932de0
EGAZ00001230782	126ebb15-d823-4c4c-aebb-15d8231c4cbc
EGAZ00001230622	657df9d8-ce4b-429d-bdf9-d8ce4b629d2e
EGAZ00001015122	c239c79a-6620-41cb-b9c7-9a6620d1cb76
EGAZ00001015376	2c29c6f0-038e-4689-a9c6-f0038e568984
EGAZ00001230691	e7b0bc67-a077-4024-b0bc-67a0774024ff
EGAZ00001230900	dfeae4c0-ccb3-48e7-aae4-c0ccb378e7a6
EGAZ00001230880	e7e721b3-15e9-473f-a721-b315e9473f22
EGAZ00001230873	528fb44d-581d-430c-8fb4-4d581d830c8d
EGAZ00001015387	bf5ef782-808b-48ba-9ef7-82808bc8ba2a
EGAZ00001230831	c3316cee-2e1b-4975-b16c-ee2e1ba97552
EGAZ00001230904	ee5198b4-0d00-45a0-9198-b40d0095a00e
EGAZ00001230803	25febef4-00e7-444d-bebe-f400e7b44d44
EGAZ00001015198	afef12a3-2144-421d-af12-a32144d21da2
EGAZ00001230909	47ddbf85-42c3-4a5c-9dbf-8542c3aa5c88
EGAZ00001015085	df450cb7-b900-409c-850c-b7b900209caf
EGAZ00001230848	0cb22e69-5fdd-4ad9-b22e-695fdd4ad9fc
EGAZ00001015139	e6cf757a-9e71-499f-8f75-7a9e71699f98
EGAZ00001015130	1dc450e5-d5d0-43a2-8450-e5d5d053a2a6
EGAZ00001230780	06f18e04-fa0b-4394-b18e-04fa0b839486
EGAZ00001230644	355c0bb3-b37b-4e3d-9c0b-b3b37bce3da2
EGAZ00001230950	7640d0f1-1ad2-487c-80d0-f11ad2187cdc
EGAZ00001015175	fe726e4c-f9c1-4821-b26e-4cf9c108218c
EGAZ00001230755	93ded1f0-2b9b-44f4-9ed1-f02b9b04f4c5
EGAZ00001230733	56d859b6-8561-426e-9859-b68561526ed9
EGAZ00001230731	bceb2a05-8972-4e0d-ab2a-0589722e0dbf
EGAZ00001230791	c336399f-97ca-486f-b639-9f97ca286fc5
EGAZ00001015335	71153b59-2033-41c4-953b-59203351c434
EGAZ00001230818	4332104a-f34f-468b-b210-4af34f868b10
EGAZ00001230951	356f5663-646d-4c86-af56-63646dcc8671
EGAZ00001230801	910e1706-8113-47a8-8e17-06811367a865
EGAZ00001230773	38376fb7-a5e7-4f59-b76f-b7a5e76f5904
EGAZ00001230877	62c5f23b-8371-4f6c-85f2-3b83718f6cc7
EGAZ00001230943	c7b78ec4-201b-4804-b78e-c4201b880423
EGAZ00001230959	ac109903-899f-4e73-9099-03899f3e73e8
EGAZ00001015125	31f6bcdb-dae0-48fe-b6bc-dbdae0e8fec7
EGAZ00001015208	51f97e01-11e0-4586-b97e-0111e035865b
EGAZ00001015149	be4c89cb-e422-48f3-8c89-cbe42228f3bd
EGAZ00001015447	c433c9b9-66e1-49cc-b3c9-b966e139cca8
EGAZ00001015347	ec030bdb-16a7-41ba-830b-db16a7b1baf0
EGAZ00001230946	a17f58de-0139-4d92-bf58-de0139fd924b
EGAZ00001230717	18e9ba6c-8768-4d5a-a9ba-6c87684d5a23
EGAZ00001230826	592a3250-0fd6-499f-aa32-500fd6d99f0b
